x0,y0,z0,v0,x11,y11,z11,v11,x12,y12,z12,v12,x13,y13,z13,v13,x14,y14,z14,v14,x15,y15,z15,v15,x16,y16,z16,v16,x23,y23,z23,v23,x24,y24,z24,v24,x25,y25,z25,v25,x26,y26,z26,v26,x27,y27,z27,v27,x28,y28,z28,v28
0.5228908658027649,0.3907307982444763,-0.4097800552845001,0.9999590516090393,0.5246813893318176,0.4301953911781311,-0.1432211995124817,0.9999658465385437,0.35426709055900574,0.4268251657485962,-0.36664173007011414,0.9999306797981262,0.5448542237281799,0.5116269588470459,-0.0651809573173523,0.934705913066864,0.27315250039100647,0.4896005392074585,-0.3592810332775116,0.9887827038764954,0.4724467098712921,0.5537256598472595,-0.22806812822818756,0.9368272423744202,0.3616209328174591,0.5339499711990356,-0.4029296040534973,0.9741568565368652,0.455856055021286,0.5662355422973633,0.07241331040859222,0.9997478723526001,0.3626135587692261,0.5676774382591248,-0.07244648039340973,0.9997970461845398,0.5335414409637451,0.6602808237075806,0.09467250108718872,0.9134565591812134,0.32786551117897034,0.6824744343757629,-0.08260537683963776,0.9835925698280334,0.5381017327308655,0.7680636644363403,0.2944706678390503,0.9389538764953613,0.3086155354976654,0.7834497690200806,0.112667016685009,0.9801304340362549
0.5352876782417297,0.3880489468574524,-0.4546312689781189,0.9999568462371826,0.5331335067749023,0.43637990951538086,-0.1576460301876068,0.9999659061431885,0.36276400089263916,0.42354071140289307,-0.3761560618877411,0.9999342560768127,0.5532205700874329,0.515146017074585,-0.10319853574037552,0.9388569593429565,0.2744845747947693,0.4802178740501404,-0.4509630501270294,0.9893596768379211,0.47241851687431335,0.5585536360740662,-0.30208948254585266,0.9393844604492188,0.3450314700603485,0.5334457159042358,-0.5999308228492737,0.9739524126052856,0.46648553013801575,0.5677068829536438,0.06958567351102829,0.9996792674064636,0.3710245192050934,0.5677616596221924,-0.06949083507061005,0.999783992767334,0.5404089093208313,0.6623063683509827,0.10333488881587982,0.9214202761650085,0.33469223976135254,0.6790282130241394,-0.10286320000886917,0.9847526550292969,0.5456337928771973,0.7655027508735657,0.3264279365539551,0.9441659450531006,0.31773877143859863,0.778942346572876,0.07207545638084412,0.9817028641700745
0.5361124277114868,0.38515716791152954,-0.28777220845222473,0.999959409236908,0.5342766046524048,0.43582120537757874,-0.09356235712766647,0.9999654293060303,0.3658989369869232,0.42160239815711975,-0.25064510107040405,0.9999386668205261,0.5572285652160645,0.5164119601249695,-0.03519608825445175,0.9406182765960693,0.2760072946548462,0.4810621440410614,-0.2915162742137909,0.9898864030838013,0.47100332379341125,0.5594303607940674,-0.13889633119106293,0.9394925832748413,0.3457494080066681,0.5320599675178528,-0.32645469903945923,0.9741582274436951,0.47086960077285767,0.5692235827445984,0.05681901425123215,0.9996452331542969,0.37360718846321106,0.5675712823867798,-0.05680490657687187,0.9997740387916565,0.5437582731246948,0.6642804741859436,0.037322256714105606,0.928649365901947,0.33835023641586304,0.6771283745765686,-0.079258032143116,0.9858705997467041,0.5470513701438904,0.7645590305328369,0.14267751574516296,0.9491087198257446,0.3176353871822357,0.7776258587837219,0.04888387769460678,0.9831711649894714
0.5341136455535889,0.3834317624568939,-0.33311301469802856,0.9999569654464722,0.5340921878814697,0.4373416006565094,-0.09734667837619781,0.9999628067016602,0.3682882487773895,0.4205937683582306,-0.2719062268733978,0.9999405145645142,0.5565610527992249,0.5190446376800537,-0.05008590221405029,0.9418519735336304,0.2758132815361023,0.4808756709098816,-0.307170033454895,0.9901881217956543,0.4684925973415375,0.5581623911857605,-0.21078608930110931,0.9390913844108582,0.3464384078979492,0.5325015187263489,-0.42112571001052856,0.9738259315490723,0.4725748300552368,0.5701334476470947,0.05664608255028725,0.9995927810668945,0.37479153275489807,0.5676282048225403,-0.056631121784448624,0.9997482895851135,0.5425202250480652,0.6639248132705688,0.005860570352524519,0.9348412156105042,0.3407013416290283,0.6754226684570312,-0.09170740097761154,0.9866437315940857,0.5478896498680115,0.7637428641319275,0.1555662304162979,0.9529461860656738,0.31786999106407166,0.7757059335708618,0.07444651424884796,0.9841026663780212
0.5346977710723877,0.38386622071266174,-0.37830713391304016,0.9999550580978394,0.5359426140785217,0.4387796223163605,-0.10694210976362228,0.9999628663063049,0.366010844707489,0.421558678150177,-0.2969891130924225,0.9999418258666992,0.5544918775558472,0.5202599763870239,-0.06369804590940475,0.9440065026283264,0.27610906958580017,0.47980818152427673,-0.3433693051338196,0.9903753399848938,0.4655933678150177,0.5597141981124878,-0.23886840045452118,0.9408358931541443,0.3417597711086273,0.5307915210723877,-0.46702587604522705,0.9732255339622498,0.47330018877983093,0.5698813796043396,0.061332836747169495,0.9995747208595276,0.3740222752094269,0.5676526427268982,-0.061328038573265076,0.9997406005859375,0.5425205230712891,0.6638472676277161,0.026256032288074493,0.9404990673065186,0.3405280113220215,0.6745579838752747,-0.09884937852621078,0.9874590039253235,0.5508484840393066,0.7635103464126587,0.19807490706443787,0.956623375415802,0.3194162845611572,0.7754093408584595,0.09525682032108307,0.9851477742195129
0.5353747606277466,0.3845641314983368,-0.4217182695865631,0.9999518394470215,0.5364391803741455,0.4393209218978882,-0.13055631518363953,0.999963104724884,0.3657756447792053,0.4219847321510315,-0.3113549053668976,0.9999424815177917,0.5558417439460754,0.5185816287994385,-0.09530755132436752,0.944949746131897,0.27580997347831726,0.47930800914764404,-0.40363502502441406,0.9903534650802612,0.4658034145832062,0.557830274105072,-0.2920681834220886,0.9406406879425049,0.3365759551525116,0.5291726589202881,-0.5632410049438477,0.9714624285697937,0.4725867211818695,0.5708269476890564,0.06402187794446945,0.9995600581169128,0.37187355756759644,0.5682578682899475,-0.06401237100362778,0.9997348785400391,0.5428363084793091,0.6645323038101196,0.04468304291367531,0.9457884430885315,0.3389163613319397,0.6752707362174988,-0.10240580141544342,0.9882985949516296,0.5513259172439575,0.763451337814331,0.24429522454738617,0.9601203203201294,0.3180673122406006,0.7765935063362122,0.10580148547887802,0.9862220287322998
0.5376851558685303,0.3835526704788208,-0.4053131937980652,0.9999520778656006,0.5371536016464233,0.43961018323898315,-0.11855243891477585,0.9999634027481079,0.3669077455997467,0.42105916142463684,-0.3055836856365204,0.9999452233314514,0.5533565282821655,0.5212128162384033,-0.0785914734005928,0.945917010307312,0.2744431495666504,0.4789475202560425,-0.37200912833213806,0.9906851649284363,0.46248388290405273,0.5613594651222229,-0.25159454345703125,0.940909743309021,0.3387220501899719,0.5309467911720276,-0.4996945858001709,0.9714152812957764,0.47318029403686523,0.5708698034286499,0.0656631588935852,0.9995497465133667,0.372732937335968,0.5683107972145081,-0.06565898656845093,0.999729335308075,0.5431757569313049,0.6642942428588867,-0.021811701357364655,0.9501332640647888,0.3417463004589081,0.6733472943305969,-0.15189962089061737,0.9888817071914673,0.5503495931625366,0.7635467648506165,0.17161568999290466,0.9627310633659363,0.31776899099349976,0.7765320539474487,0.058596983551979065,0.986888587474823
0.5376939177513123,0.3850254416465759,-0.39799466729164124,0.9999513030052185,0.5366485714912415,0.44000640511512756,-0.10991490632295609,0.9999640583992004,0.3678615093231201,0.42096593976020813,-0.3028503656387329,0.9999468326568604,0.552413821220398,0.5202620029449463,-0.07289262861013412,0.94715815782547,0.2737801969051361,0.47608712315559387,-0.3660615384578705,0.9907046556472778,0.4585215151309967,0.5605310201644897,-0.24433094263076782,0.9412878751754761,0.3356882333755493,0.5293258428573608,-0.49736401438713074,0.9695550799369812,0.4715386927127838,0.5707834959030151,0.06670181453227997,0.9995296597480774,0.37226688861846924,0.5680636763572693,-0.06670059263706207,0.9997182488441467,0.5420785546302795,0.6641162037849426,-0.016731075942516327,0.9541965126991272,0.3419565260410309,0.6728827953338623,-0.14951348304748535,0.9894430637359619,0.5501164793968201,0.7636130452156067,0.14606064558029175,0.9652376174926758,0.31779807806015015,0.7770575881004333,0.043984510004520416,0.9875327944755554
0.5383458733558655,0.3860049843788147,-0.43087494373321533,0.9999498724937439,0.5357639193534851,0.44034555554389954,-0.13182465732097626,0.9999653100967407,0.36540257930755615,0.42134857177734375,-0.33942604064941406,0.9999486804008484,0.5500609874725342,0.521812915802002,-0.08768852800130844,0.9487171769142151,0.2722000777721405,0.4758152663707733,-0.4101782739162445,0.9908311367034912,0.45436832308769226,0.5613819360733032,-0.27585819363594055,0.9421917200088501,0.3330654501914978,0.5293034315109253,-0.5631957054138184,0.9686570167541504,0.47083207964897156,0.5705956220626831,0.06818834692239761,0.9995139837265015,0.37322503328323364,0.5681560039520264,-0.06810414046049118,0.9997082352638245,0.5444909930229187,0.6644222140312195,0.008947213180363178,0.9578522443771362,0.34204405546188354,0.6733101010322571,-0.1385353058576584,0.9898898601531982,0.5504592061042786,0.7637876868247986,0.20570166409015656,0.9673774838447571,0.31835514307022095,0.7772244811058044,0.094859778881073,0.9881096482276917
0.5405580401420593,0.3870755136013031,-0.4199315905570984,0.9999476671218872,0.5354467034339905,0.4411691725254059,-0.12586160004138947,0.999966025352478,0.3653777539730072,0.4206308424472809,-0.31990939378738403,0.9999499917030334,0.5467290282249451,0.5231984257698059,-0.0773003101348877,0.9498867988586426,0.26982927322387695,0.4717208445072174,-0.3834133446216583,0.9907986521720886,0.4483294188976288,0.560242235660553,-0.25605204701423645,0.942943811416626,0.3314598798751831,0.5281174778938293,-0.5055666565895081,0.9673416018486023,0.46962210536003113,0.5704430937767029,0.06762097030878067,0.9995025396347046,0.3720165491104126,0.5681681036949158,-0.06752665340900421,0.9997013211250305,0.5459439754486084,0.6643097996711731,-0.006907401140779257,0.9613494873046875,0.34120646119117737,0.673358142375946,-0.13181115686893463,0.9903357625007629,0.5510907769203186,0.7639082670211792,0.1792515069246292,0.9695985913276672,0.318031907081604,0.7775380611419678,0.0822749063372612,0.9886605739593506
0.5418224334716797,0.3870784342288971,-0.4131122827529907,0.9999468326568604,0.5355445146560669,0.4409455955028534,-0.12800508737564087,0.9999663829803467,0.36494213342666626,0.41970691084861755,-0.3123032748699188,0.9999515414237976,0.5447497367858887,0.5239850878715515,-0.08156456053256989,0.9510028958320618,0.26638263463974,0.4692193567752838,-0.365153044462204,0.9909773468971252,0.4444630444049835,0.5593907237052917,-0.25147703289985657,0.9432370066642761,0.3273099958896637,0.5264778137207031,-0.46993499994277954,0.9665745496749878,0.46822014451026917,0.5698900818824768,0.06516246497631073,0.9994930028915405,0.37054625153541565,0.5677970051765442,-0.06509996205568314,0.9996951222419739,0.5467665791511536,0.6609480381011963,-0.0734233558177948,0.9645823836326599,0.3426562249660492,0.6724885702133179,-0.13350585103034973,0.9907453656196594,0.5520555973052979,0.7628448009490967,0.08213463425636292,0.971691370010376,0.3183445632457733,0.7772047519683838,0.04360061511397362,0.9890905618667603
0.5434105396270752,0.38778772950172424,-0.43166452646255493,0.9999415278434753,0.5366460680961609,0.44178083539009094,-0.1462426334619522,0.9999663233757019,0.3666031062602997,0.41882044076919556,-0.3134300410747528,0.9999523162841797,0.5417346358299255,0.5249785780906677,-0.11021307110786438,0.9518275856971741,0.2655107080936432,0.4654105603694916,-0.3722522556781769,0.9908339977264404,0.43921804428100586,0.5580580234527588,-0.30305081605911255,0.942905068397522,0.32644760608673096,0.5236130952835083,-0.5195086002349854,0.963903546333313,0.469285249710083,0.5695627927780151,0.06547673046588898,0.9994747638702393,0.37116125226020813,0.5674732327461243,-0.06540540605783463,0.9996832609176636,0.5532293915748596,0.6602732539176941,-0.06202765554189682,0.9676293730735779,0.3417304456233978,0.6731292009353638,-0.14050434529781342,0.9911561012268066,0.5531847476959229,0.7617088556289673,0.13574297726154327,0.9736350178718567,0.3182322382926941,0.7773016691207886,0.07710238546133041,0.9895420074462891
0.5485978722572327,0.38834133744239807,-0.42162036895751953,0.9999392628669739,0.5376229286193848,0.4431542456150055,-0.13881786167621613,0.9999651312828064,0.37024685740470886,0.4183749854564667,-0.3131619095802307,0.99995356798172,0.5394096374511719,0.527507483959198,-0.10602065920829773,0.9514074921607971,0.26538652181625366,0.459928959608078,-0.3934735059738159,0.9905673861503601,0.42964017391204834,0.5590193867683411,-0.2852219045162201,0.9414766430854797,0.32468247413635254,0.51991868019104,-0.5706084370613098,0.9619787931442261,0.4710906744003296,0.5694977641105652,0.06555305421352386,0.9994587302207947,0.373882532119751,0.5675126910209656,-0.06547291576862335,0.9996775984764099,0.5575827956199646,0.6596795320510864,-0.0836019217967987,0.9704767465591431,0.343407541513443,0.673417866230011,-0.16488425433635712,0.9916257262229919,0.5569961071014404,0.7600486278533936,0.1345558911561966,0.9755584001541138,0.3181149661540985,0.7762353420257568,0.0678783729672432,0.9901041984558105
0.5532872676849365,0.38873109221458435,-0.41991958022117615,0.9999328851699829,0.5388591289520264,0.4439530372619629,-0.14812855422496796,0.9999628663063049,0.37349721789360046,0.41841238737106323,-0.3351149559020996,0.9999540448188782,0.5388873219490051,0.5279618501663208,-0.11885404586791992,0.9503595232963562,0.26661351323127747,0.4563504159450531,-0.41916656494140625,0.9903544783592224,0.42983928322792053,0.5588036179542542,-0.295462965965271,0.9383383393287659,0.32255610823631287,0.515376627445221,-0.5833960175514221,0.9590179324150085,0.4733859896659851,0.5695430636405945,0.06580992043018341,0.9994183778762817,0.3756484389305115,0.567601203918457,-0.06568128615617752,0.9996614456176758,0.5594828724861145,0.6596395969390869,-0.0565917044878006,0.9729300737380981,0.3442927896976471,0.6736153960227966,-0.17016524076461792,0.9919953346252441,0.5609065294265747,0.7597130537033081,0.1454138606786728,0.9771698713302612,0.31839844584465027,0.7761984467506409,0.05090562254190445,0.9905611276626587
0.5603717565536499,0.3906325101852417,-0.4140649735927582,0.999930202960968,0.5422908067703247,0.4453398287296295,-0.1443260759115219,0.9999597072601318,0.3801328241825104,0.4186949133872986,-0.3468460142612457,0.9999555349349976,0.538529634475708,0.5302661657333374,-0.11901773512363434,0.9483950138092041,0.2721707820892334,0.4517163634300232,-0.4685783386230469,0.9902935028076172,0.42680540680885315,0.5587852597236633,-0.28945404291152954,0.934860348701477,0.3237394392490387,0.5143252015113831,-0.679480791091919,0.9574772119522095,0.476333349943161,0.5699148774147034,0.06954699754714966,0.9993826150894165,0.3786613345146179,0.5679538249969482,-0.06935717910528183,0.9996540546417236,0.5595870614051819,0.659511923789978,-0.044940486550331116,0.9751200079917908,0.3478330075740814,0.6737239956855774,-0.1920936554670334,0.9923970103263855,0.5668362975120544,0.7595825791358948,0.14673742651939392,0.9786466956138611,0.31823626160621643,0.7762396335601807,-0.008003572933375835,0.9910701513290405
0.5670899152755737,0.39355480670928955,-0.43064630031585693,0.9999194741249084,0.5474924445152283,0.4468897581100464,-0.15871694684028625,0.9999515414237976,0.3876802325248718,0.41892194747924805,-0.3510548174381256,0.9999533295631409,0.5384728312492371,0.5321831107139587,-0.15316370129585266,0.945837676525116,0.2797543406486511,0.4487696886062622,-0.5155158042907715,0.9886599779129028,0.4231245815753937,0.558911919593811,-0.31856635212898254,0.9273130297660828,0.3193756341934204,0.5003079175949097,-0.7995330691337585,0.9504280090332031,0.48024290800094604,0.5708669424057007,0.07165216654539108,0.999285101890564,0.3829993009567261,0.5684719681739807,-0.07142708450555801,0.999616801738739,0.5608628988265991,0.659761369228363,-0.018003057688474655,0.9769936800003052,0.35236233472824097,0.6734136343002319,-0.18435321748256683,0.9926748275756836,0.5720517039299011,0.7597281336784363,0.1517379730939865,0.9798475503921509,0.31843337416648865,0.776279628276825,-0.01865638792514801,0.9914867281913757
0.574535071849823,0.3963163495063782,-0.4120943248271942,0.9999183416366577,0.5558689832687378,0.4492426812648773,-0.15586403012275696,0.9999469518661499,0.396452397108078,0.4190724790096283,-0.3482978045940399,0.9999548196792603,0.5405669808387756,0.533843457698822,-0.1348053514957428,0.9439409375190735,0.2886699438095093,0.4445576071739197,-0.4883788526058197,0.9887178540229797,0.42605555057525635,0.5584205389022827,-0.3020150363445282,0.924008846282959,0.32354089617729187,0.5045475363731384,-0.7342053651809692,0.9506112933158875,0.4845917224884033,0.572191059589386,0.07129362970590591,0.9992514252662659,0.38853979110717773,0.5697359442710876,-0.07106161117553711,0.9996045827865601,0.5649597644805908,0.6602194905281067,-0.11319068819284439,0.9788005352020264,0.3546096980571747,0.6732156872749329,-0.2205374836921692,0.9929880499839783,0.5746173858642578,0.759800374507904,0.06268531829118729,0.9809284806251526,0.3190073072910309,0.7763360738754272,-0.05291632562875748,0.9918487668037415
0.5830215811729431,0.4032675623893738,-0.39991942048072815,0.9999080300331116,0.5639360547065735,0.4521954357624054,-0.15194088220596313,0.9999392032623291,0.406159371137619,0.41917386651039124,-0.34562283754348755,0.9999560713768005,0.5420837998390198,0.5364932417869568,-0.1260613054037094,0.9392070174217224,0.2957858145236969,0.4421253204345703,-0.48261287808418274,0.988835871219635,0.42622092366218567,0.5579355955123901,-0.30060696601867676,0.916163444519043,0.3293638527393341,0.5051018595695496,-0.7140781879425049,0.9507470726966858,0.488577276468277,0.5731078386306763,0.0714985579252243,0.9991872906684875,0.3938371241092682,0.5708231329917908,-0.07126609236001968,0.9995760321617126,0.5712464451789856,0.6619387865066528,-0.10492759197950363,0.9804782867431641,0.35746169090270996,0.6736353635787964,-0.19958318769931793,0.9932267665863037,0.5758535861968994,0.7605316042900085,0.07651163637638092,0.9819662570953369,0.31928449869155884,0.7765741348266602,-0.030450718477368355,0.9921244382858276
0.5941371917724609,0.40922969579696655,-0.35856160521507263,0.9998970627784729,0.5710263252258301,0.45540890097618103,-0.12271111458539963,0.9999257326126099,0.4165949821472168,0.4196421205997467,-0.3257637619972229,0.9999561309814453,0.5439174771308899,0.5388050675392151,-0.11082863807678223,0.9298750758171082,0.3087274730205536,0.4403633773326874,-0.48071232438087463,0.988739013671875,0.4255785644054413,0.5576649308204651,-0.2555454671382904,0.9023780822753906,0.3347429931163788,0.5023500919342041,-0.7045167684555054,0.9490716457366943,0.4943249225616455,0.575768768787384,0.0705893337726593,0.9991328716278076,0.4000782072544098,0.5730518698692322,-0.07035867869853973,0.9995436668395996,0.57696133852005,0.6631638407707214,-0.1419162005186081,0.9820536971092224,0.3608003258705139,0.674587070941925,-0.19317926466464996,0.99342942237854,0.576448917388916,0.7616260051727295,0.01817062497138977,0.9830143451690674,0.31941670179367065,0.7766406536102295,-0.04580998420715332,0.9923670291900635
0.604229748249054,0.4129007160663605,-0.3138759434223175,0.9998936653137207,0.5771864652633667,0.4585537612438202,-0.08320163190364838,0.9999143481254578,0.4263308048248291,0.421709269285202,-0.3014482855796814,0.9999575614929199,0.5444858074188232,0.5395829677581787,-0.05916675552725792,0.9196376204490662,0.31778472661972046,0.4391959011554718,-0.46844109892845154,0.9891048073768616,0.4233173727989197,0.5563138723373413,-0.19868649542331696,0.8925043344497681,0.33971571922302246,0.5022132396697998,-0.6717919111251831,0.9504488706588745,0.4998190999031067,0.5784798860549927,0.07057134807109833,0.9990984797477722,0.4080577492713928,0.5756641030311584,-0.07034258544445038,0.9995243549346924,0.5821187496185303,0.665587842464447,-0.12831906974315643,0.9835182428359985,0.3627038300037384,0.6756994128227234,-0.1805904060602188,0.9936860203742981,0.5776262283325195,0.7622930407524109,0.04286189749836922,0.9840205907821655,0.31947314739227295,0.7767029404640198,-0.031010698527097702,0.9926396012306213
0.6092481017112732,0.41572925448417664,-0.3330833911895752,0.9998763799667358,0.5815831422805786,0.4617229998111725,-0.0922611877322197,0.9998966455459595,0.4317502975463867,0.42533621191978455,-0.30140823125839233,0.9999538660049438,0.54437255859375,0.5403740406036377,-0.06986000388860703,0.9103317856788635,0.33413317799568176,0.4423651695251465,-0.5000331401824951,0.9884017705917358,0.41685950756073,0.5531147122383118,-0.2238140106201172,0.8824227452278137,0.341311514377594,0.49818840622901917,-0.7901839017868042,0.9495162963867188,0.5017343759536743,0.5827726125717163,0.07161563634872437,0.9990649819374084,0.4086502492427826,0.5792379975318909,-0.07140541076660156,0.9994741082191467,0.5868419408798218,0.6673564314842224,-0.16453808546066284,0.9848778247833252,0.36203593015670776,0.6790734529495239,-0.17969676852226257,0.9938576221466064,0.5781453847885132,0.7635802030563354,0.03425227478146553,0.9849603176116943,0.319087952375412,0.7767289876937866,-0.018932528793811798,0.9927914142608643
0.6098052859306335,0.4219522178173065,-0.30538299679756165,0.9998191595077515,0.5815616250038147,0.463146835565567,-0.08153820037841797,0.9998661279678345,0.4308890104293823,0.42898157238960266,-0.2839182913303375,0.9999485611915588,0.5425264239311218,0.5405153632164001,-0.07553332298994064,0.8986028432846069,0.3436067998409271,0.45173725485801697,-0.4818982779979706,0.9869017004966736,0.40670669078826904,0.5472835302352905,-0.21841315925121307,0.8723463416099548,0.3445293605327606,0.4959871470928192,-0.7436710000038147,0.9474928379058838,0.5046787858009338,0.586667001247406,0.07450373470783234,0.9989462494850159,0.4118841588497162,0.5831621289253235,-0.07431356608867645,0.999376654624939,0.5895264744758606,0.6690596342086792,-0.14537349343299866,0.985858678817749,0.36055609583854675,0.6815818548202515,-0.17623016238212585,0.9938318729400635,0.5778771638870239,0.7642242908477783,0.06913888454437256,0.9854061007499695,0.31528130173683167,0.7765718102455139,-0.015419849194586277,0.9927339553833008
0.6106534004211426,0.4258134961128235,-0.3243458569049835,0.999803900718689,0.5816825032234192,0.4653584361076355,-0.08386053144931793,0.9998571872711182,0.43123185634613037,0.42943093180656433,-0.2927550673484802,0.9999462962150574,0.5385982990264893,0.5404050350189209,-0.09843291342258453,0.8938698768615723,0.3373338282108307,0.4403608441352844,-0.5165321230888367,0.9865869283676147,0.39996829628944397,0.5446884632110596,-0.24685539305210114,0.8694383502006531,0.3437187075614929,0.48081448674201965,-0.8162466883659363,0.9473974704742432,0.5058927536010742,0.5883166193962097,0.0778096467256546,0.9989221692085266,0.4128941297531128,0.584425151348114,-0.07768358290195465,0.9993416666984558,0.5915708541870117,0.6706151962280273,-0.12822820246219635,0.9868862628936768,0.35964664816856384,0.6834678649902344,-0.15980958938598633,0.9939801692962646,0.5782147645950317,0.7646559476852417,0.14461128413677216,0.9861757159233093,0.30552032589912415,0.7759997248649597,0.050849560648202896,0.9929361343383789
0.6086267828941345,0.4300536811351776,-0.3352450430393219,0.9997963309288025,0.5807834267616272,0.46719369292259216,-0.08884233981370926,0.9998431205749512,0.4305027723312378,0.43057921528816223,-0.2976004183292389,0.9999464154243469,0.5305858254432678,0.5429156422615051,-0.09756886214017868,0.8892530202865601,0.33235347270965576,0.4339970052242279,-0.5096662044525146,0.9869955778121948,0.38911038637161255,0.541741669178009,-0.2408023625612259,0.8683339357376099,0.3431752920150757,0.48569709062576294,-0.7743296027183533,0.9494851231575012,0.5046480894088745,0.5906885862350464,0.07912013679742813,0.9989272356033325,0.4117625653743744,0.5868715047836304,-0.0790296122431755,0.9993395209312439,0.592485249042511,0.6720255017280579,-0.12623119354248047,0.9879266023635864,0.3539491891860962,0.686623215675354,-0.149129256606102,0.9942407011985779,0.5791657567024231,0.7656837105751038,0.12983040511608124,0.987080454826355,0.2847047746181488,0.777531623840332,0.05479751154780388,0.9932646155357361
0.6062330007553101,0.4302511215209961,-0.3896283805370331,0.9997974634170532,0.5784335136413574,0.46774154901504517,-0.12691044807434082,0.9998371005058289,0.4297187030315399,0.43156757950782776,-0.3679276704788208,0.9999446272850037,0.5279024243354797,0.5429149270057678,-0.12551631033420563,0.8863483667373657,0.3297167420387268,0.42891719937324524,-0.5814711451530457,0.9873926043510437,0.38370373845100403,0.5411804914474487,-0.28814709186553955,0.8691520690917969,0.34152600169181824,0.47257402539253235,-0.8573120832443237,0.9514827728271484,0.5032349824905396,0.591734766960144,0.08652672171592712,0.9989137053489685,0.4104055166244507,0.5872277021408081,-0.08644811809062958,0.9993345737457275,0.592518150806427,0.6734747290611267,-0.05861777439713478,0.9888182282447815,0.34756505489349365,0.6881321668624878,-0.15733623504638672,0.994534432888031,0.5793976783752441,0.7666910290718079,0.23932987451553345,0.9878219366073608,0.2589464485645294,0.7798146605491638,0.039964187890291214,0.993607223033905
0.6037369966506958,0.43248099088668823,-0.3909342586994171,0.9997937083244324,0.5769715309143066,0.4683588743209839,-0.1260547786951065,0.9998325705528259,0.4268644452095032,0.4324520528316498,-0.35615578293800354,0.9999426603317261,0.5247436761856079,0.5427519083023071,-0.12366635352373123,0.8807429075241089,0.3272571563720703,0.43251994252204895,-0.5677549839019775,0.9875381588935852,0.3833235204219818,0.5403684973716736,-0.2779398560523987,0.8675576448440552,0.33977633714675903,0.4741229712963104,-0.8597230315208435,0.9525535106658936,0.5020123720169067,0.5923345685005188,0.08658278733491898,0.9989144802093506,0.40895479917526245,0.5884443521499634,-0.0864892452955246,0.9993467330932617,0.5912421345710754,0.6745054721832275,-0.06450074166059494,0.9896844029426575,0.33771875500679016,0.6896873116493225,-0.1735147088766098,0.9948014616966248,0.5788820385932922,0.7674503326416016,0.24622243642807007,0.9885014295578003,0.23236002027988434,0.7823359966278076,0.02748268097639084,0.9939499497413635
0.5996367335319519,0.43043142557144165,-0.3146222233772278,0.9998028874397278,0.569094181060791,0.46817606687545776,-0.03581516072154045,0.9998328685760498,0.42200273275375366,0.43255236744880676,-0.3428027331829071,0.999944269657135,0.5245057940483093,0.5427051186561584,-0.01264389231801033,0.8720659613609314,0.3153933882713318,0.4314678907394409,-0.5406632423400879,0.988091766834259,0.38578855991363525,0.5407705307006836,-0.1800227016210556,0.8643109202384949,0.3359890282154083,0.47882238030433655,-0.8102953433990479,0.954312801361084,0.4977550506591797,0.593303382396698,0.09914291650056839,0.998940110206604,0.4048939049243927,0.5911977291107178,-0.09903575479984283,0.9993732571601868,0.5903252363204956,0.6749233603477478,-0.048695750534534454,0.9903470277786255,0.3242362141609192,0.6918709874153137,-0.2115067094564438,0.9950360655784607,0.5783932209014893,0.7681760787963867,0.2573945224285126,0.9889730215072632,0.21242380142211914,0.7849130034446716,-0.05570484697818756,0.9942429065704346
0.5838682055473328,0.431757390499115,-0.3196026086807251,0.9998164176940918,0.5524253845214844,0.4673199951648712,-0.0091259079053998,0.9998418092727661,0.3980499804019928,0.43208903074264526,-0.33025527000427246,0.9999480247497559,0.5247625112533569,0.5422675609588623,0.02111368626356125,0.8691360354423523,0.29673370718955994,0.43331652879714966,-0.5146390795707703,0.9887192845344543,0.3891114592552185,0.5415252447128296,-0.18060214817523956,0.8666383624076843,0.3265478312969208,0.4795385003089905,-0.8049543499946594,0.9564611315727234,0.48505282402038574,0.5926310420036316,0.1072312593460083,0.9989855289459229,0.39186006784439087,0.5916327834129333,-0.10705067962408066,0.9994150400161743,0.5832565426826477,0.6748586893081665,-0.033660199493169785,0.99090176820755,0.30926716327667236,0.6918066143989563,-0.3178918659687042,0.9952559471130371,0.5783323645591736,0.7685571908950806,0.3125794231891632,0.9892644882202148,0.19186344742774963,0.7873380184173584,-0.19571514427661896,0.9945328831672668
0.5634836554527283,0.42990919947624207,-0.2734347879886627,0.9998311400413513,0.5385432839393616,0.46242010593414307,0.04239866882562637,0.9998539090156555,0.3824229836463928,0.4295244514942169,-0.2851688265800476,0.9999521374702454,0.5307657122612,0.5388209223747253,0.04730010777711868,0.8719370365142822,0.2756461799144745,0.4345450699329376,-0.44663602113723755,0.9892972111701965,0.39673635363578796,0.5417996644973755,-0.19117572903633118,0.8718785643577576,0.31445345282554626,0.4820075035095215,-0.6889593005180359,0.9586600065231323,0.46554088592529297,0.5919207334518433,0.11485233157873154,0.9990444779396057,0.37045902013778687,0.5906826257705688,-0.11475907266139984,0.9994561076164246,0.5686244964599609,0.6744754314422607,0.024033984169363976,0.9913506507873535,0.29587027430534363,0.6909652352333069,-0.31671765446662903,0.9954947829246521,0.5781146287918091,0.768527626991272,0.32550129294395447,0.9896413087844849,0.1740255504846573,0.78871089220047,-0.20868335664272308,0.9948070645332336
0.5384969115257263,0.42967933416366577,-0.2952996790409088,0.9998428821563721,0.5154255032539368,0.45141807198524475,0.060001734644174576,0.9998664259910583,0.36940038204193115,0.42520076036453247,-0.28289884328842163,0.9999555349349976,0.5423482060432434,0.5254757404327393,0.04685983434319496,0.8754273653030396,0.2575863301753998,0.4396378695964813,-0.442984402179718,0.9895440936088562,0.42980143427848816,0.5390769243240356,-0.23108717799186707,0.8749359846115112,0.28734877705574036,0.47774893045425415,-0.6879492402076721,0.9586589336395264,0.4463111162185669,0.5870106816291809,0.12331651896238327,0.9990788102149963,0.35291028022766113,0.5883293747901917,-0.12317468225955963,0.9994842410087585,0.5466809868812561,0.6723167896270752,0.09965487569570541,0.9915604591369629,0.28090232610702515,0.690453827381134,-0.2888120114803314,0.9956960082054138,0.5779709815979004,0.7684758305549622,0.39478325843811035,0.9898595213890076,0.16381263732910156,0.7915206551551819,-0.17747285962104797,0.9950386881828308
0.5106903314590454,0.42844030261039734,-0.2668042480945587,0.9998461008071899,0.4968396723270416,0.43930378556251526,0.05543305724859238,0.9998767375946045,0.3403860032558441,0.4232071340084076,-0.24134010076522827,0.9999584555625916,0.5546219944953918,0.5073726773262024,0.06846509128808975,0.8821484446525574,0.23345911502838135,0.4588974714279175,-0.26656341552734375,0.9895320534706116,0.45072534680366516,0.5320467948913574,-0.20118370652198792,0.8753679394721985,0.29610615968704224,0.4926919639110565,-0.3317714333534241,0.9582358598709106,0.43087613582611084,0.5824050903320312,0.11875524371862411,0.9990025162696838,0.3333556652069092,0.5852530598640442,-0.11861629039049149,0.9994745850563049,0.5214129686355591,0.6720238924026489,0.11224151402711868,0.9909809827804565,0.26562443375587463,0.6902868747711182,-0.28448066115379333,0.9956797361373901,0.5762621164321899,0.7681491374969482,0.3569273054599762,0.9893620014190674,0.16265764832496643,0.7948046922683716,-0.16723549365997314,0.9950016140937805
0.4866394102573395,0.4282872974872589,-0.2864040732383728,0.9998528361320496,0.47681692242622375,0.4301854074001312,0.026804771274328232,0.9998868107795715,0.31442004442214966,0.4227985441684723,-0.2620803415775299,0.9999614357948303,0.5673872828483582,0.48484572768211365,0.05291423201560974,0.8907204866409302,0.2181646227836609,0.478106290102005,-0.2690299153327942,0.9895206093788147,0.4716155529022217,0.5216994881629944,-0.20665669441223145,0.8799371719360352,0.3030271530151367,0.5047628879547119,-0.3022046983242035,0.9593633413314819,0.4104851186275482,0.5785046219825745,0.11417612433433533,0.9989774823188782,0.311040997505188,0.5823425054550171,-0.11427220702171326,0.9994809627532959,0.49807778000831604,0.6708601713180542,0.14481177926063538,0.9904748201370239,0.2529997229576111,0.6904023289680481,-0.24457833170890808,0.9957519173622131,0.5702998042106628,0.7674829959869385,0.3667783737182617,0.9891033172607422,0.16096140444278717,0.7965458631515503,-0.17305885255336761,0.9950383305549622
0.4636553227901459,0.4281659424304962,-0.3172653913497925,0.9998539090156555,0.45393988490104675,0.4241277575492859,-0.02803255431354046,0.9998923540115356,0.28999850153923035,0.42316770553588867,-0.30646756291389465,0.9999628663063049,0.5640045404434204,0.4558401107788086,-0.08222024887800217,0.8981702923774719,0.2148326188325882,0.4983426332473755,-0.353695809841156,0.9900041222572327,0.4798826575279236,0.5002056956291199,-0.3764682710170746,0.882413923740387,0.31527626514434814,0.5088999271392822,-0.44701021909713745,0.9623165726661682,0.3936210572719574,0.5766386389732361,0.09336693584918976,0.9989681839942932,0.29434868693351746,0.5814567804336548,-0.09357745945453644,0.9994706511497498,0.4751669466495514,0.6702979207038879,0.09171244502067566,0.9894241690635681,0.24372538924217224,0.690362811088562,-0.18585136532783508,0.9954569339752197,0.5499969124794006,0.7669874429702759,0.325316846370697,0.987838625907898,0.15758834779262543,0.7980563044548035,-0.10898197442293167,0.9945548176765442
0.44516193866729736,0.42781537771224976,-0.44121795892715454,0.9998661279678345,0.4363957941532135,0.4181651473045349,-0.16752292215824127,0.999900758266449,0.2719927132129669,0.4288891851902008,-0.39022913575172424,0.9999609589576721,0.5616496801376343,0.4260929822921753,-0.11484261602163315,0.9065882563591003,0.2221057116985321,0.5165210366249084,-0.36697086691856384,0.9899436831474304,0.48510199785232544,0.4835101366043091,-0.2703975737094879,0.888812243938446,0.3215016722679138,0.5161617994308472,-0.4771541357040405,0.9646015763282776,0.3773583471775055,0.5740641355514526,0.07085520774126053,0.9990333318710327,0.27953043580055237,0.5786508321762085,-0.07117254287004471,0.9994734525680542,0.454661101102829,0.6694303154945374,0.08514903485774994,0.9890698194503784,0.2364431917667389,0.6904179453849792,-0.08729982376098633,0.995055615901947,0.5155133605003357,0.7682886123657227,0.2638786733150482,0.9877066612243652,0.1578969955444336,0.7968788743019104,0.03501462936401367,0.9940389394760132
0.42559579014778137,0.4276494085788727,-0.5701777935028076,0.9998781085014343,0.4207969903945923,0.41090789437294006,-0.26148268580436707,0.9999094009399414,0.2514573037624359,0.4356480836868286,-0.4930095076560974,0.9999607801437378,0.5372975468635559,0.40761667490005493,-0.21270087361335754,0.9135412573814392,0.2318069487810135,0.5296347141265869,-0.5330391526222229,0.9903491139411926,0.48405009508132935,0.47609034180641174,-0.38798877596855164,0.8966451287269592,0.3323442339897156,0.5209725499153137,-0.6614287495613098,0.9675872921943665,0.36252233386039734,0.5698283314704895,0.06720413267612457,0.999110221862793,0.26891329884529114,0.5750301480293274,-0.06760913878679276,0.9994906783103943,0.4342567026615143,0.6679700016975403,0.06902838498353958,0.9886667132377625,0.22838224470615387,0.691342294216156,-0.05205925554037094,0.9946492910385132,0.47978469729423523,0.7704544067382812,0.2630109488964081,0.9876019358634949,0.1571437567472458,0.7972435355186462,0.1237151101231575,0.993685781955719
0.4075984060764313,0.4271910786628723,-0.5274941325187683,0.9998878836631775,0.39764896035194397,0.3989221453666687,-0.21073129773139954,0.999916136264801,0.2410508394241333,0.43907517194747925,-0.48699063062667847,0.9999595284461975,0.5143974423408508,0.3829832375049591,-0.03862875699996948,0.9191499352455139,0.23859094083309174,0.5307068228721619,-0.49513742327690125,0.9908896088600159,0.4833672344684601,0.4613228738307953,0.0014744158834218979,0.9020072817802429,0.37060073018074036,0.5157248973846436,-0.4185219705104828,0.9702988266944885,0.34979110956192017,0.5649944543838501,0.07157044857740402,0.9991808533668518,0.2619261145591736,0.5725442171096802,-0.07182169705629349,0.999509871006012,0.4131399691104889,0.6667606234550476,0.09799173474311829,0.9866632223129272,0.22065505385398865,0.6910164952278137,-0.07577627152204514,0.9939613342285156,0.44737106561660767,0.7719341516494751,0.24551349878311157,0.986957848072052,0.15684755146503448,0.7967479825019836,0.038465630263090134,0.9931265115737915
0.39438673853874207,0.42509299516677856,-0.45900389552116394,0.999897837638855,0.38894060254096985,0.3947668969631195,-0.15604129433631897,0.9999229311943054,0.23052042722702026,0.44098472595214844,-0.42444998025894165,0.999960720539093,0.4878676235675812,0.36813920736312866,-0.0635276585817337,0.9239497184753418,0.26986613869667053,0.5301349759101868,-0.3393693268299103,0.991528332233429,0.479316383600235,0.44536539912223816,-0.007021415513008833,0.9070195555686951,0.3905788064002991,0.5088223814964294,-0.24283148348331451,0.972895622253418,0.3316994607448578,0.561030924320221,0.07409592717885971,0.9992542862892151,0.24067668616771698,0.5691753625869751,-0.07429816573858261,0.9995472431182861,0.3938063085079193,0.6654852628707886,0.11955860257148743,0.9841960072517395,0.21568498015403748,0.6880518198013306,-0.10423889756202698,0.9937753677368164,0.4167618751525879,0.7723246812820435,0.2522244453430176,0.986168622970581,0.15562064945697784,0.7962924242019653,-0.024542463943362236,0.9927945733070374
0.37927255034446716,0.42285481095314026,-0.37318745255470276,0.9999073147773743,0.3670208752155304,0.3930743634700775,-0.08164507150650024,0.9999293684959412,0.2221936136484146,0.4400824308395386,-0.38804271817207336,0.9999627470970154,0.47126805782318115,0.36280393600463867,-0.040856052190065384,0.9266568422317505,0.2770967185497284,0.5276537537574768,-0.2761649787425995,0.9921350479125977,0.4753124713897705,0.4345618188381195,-0.0425940565764904,0.9096283316612244,0.39716270565986633,0.4961663484573364,-0.12543658912181854,0.9751268625259399,0.3199293315410614,0.5602821707725525,0.07485341280698776,0.9993211627006531,0.22911491990089417,0.5671523809432983,-0.07507478445768356,0.9995816946029663,0.37229058146476746,0.6641342639923096,0.1112046092748642,0.9801993370056152,0.20886820554733276,0.6844915747642517,-0.11298982799053192,0.9934627413749695,0.3829435706138611,0.7724210023880005,0.22344434261322021,0.984804630279541,0.15523575246334076,0.7961683869361877,-0.05631516873836517,0.9922826290130615
0.3662356734275818,0.4212089478969574,-0.33818674087524414,0.9999129772186279,0.351143479347229,0.3898763656616211,-0.06700657308101654,0.9999332427978516,0.21446241438388824,0.4390486180782318,-0.37015336751937866,0.9999613761901855,0.4584782123565674,0.3513951897621155,-0.023088257759809494,0.9271411299705505,0.27636682987213135,0.5238622426986694,-0.28217217326164246,0.9925234317779541,0.47261151671409607,0.42546436190605164,-0.14869803190231323,0.9102145433425903,0.3968294560909271,0.4896966814994812,-0.15058264136314392,0.9768960475921631,0.3122918903827667,0.5587109327316284,0.07522071897983551,0.9993764758110046,0.22482669353485107,0.5657880902290344,-0.07541775703430176,0.999609112739563,0.3554278016090393,0.6636965274810791,0.121753990650177,0.9747164249420166,0.20280559360980988,0.6827570796012878,-0.12023673206567764,0.9927452802658081,0.35141411423683167,0.7723745107650757,0.23533040285110474,0.9825663566589355,0.15676447749137878,0.7959633469581604,-0.10931982100009918,0.991408109664917
0.3570933938026428,0.4191976487636566,-0.3265226483345032,0.9999193549156189,0.3427315056324005,0.38576582074165344,-0.07107240706682205,0.9999375939369202,0.20593151450157166,0.43871942162513733,-0.36904093623161316,0.9999618530273438,0.44605323672294617,0.34710773825645447,-0.029460856691002846,0.92825847864151,0.27472594380378723,0.5213807225227356,-0.2905946373939514,0.9928964376449585,0.46929794549942017,0.4190770089626312,-0.17694583535194397,0.9122679829597473,0.39112532138824463,0.4842875599861145,-0.144044429063797,0.9785265922546387,0.3058834671974182,0.5571740865707397,0.07633429765701294,0.9994294047355652,0.21979571878910065,0.5644243955612183,-0.0765232965350151,0.9996403455734253,0.3381742835044861,0.6632819771766663,0.1793183982372284,0.9705371260643005,0.18949848413467407,0.683094322681427,-0.1098504364490509,0.9923689961433411,0.3235137462615967,0.7723444104194641,0.3396036922931671,0.9811084866523743,0.1561407446861267,0.795889139175415,-0.08832807093858719,0.9907437562942505
0.35290196537971497,0.41659826040267944,-0.27233847975730896,0.9999208450317383,0.3345378041267395,0.38816532492637634,-0.016927819699048996,0.9999364614486694,0.20176322758197784,0.43815144896507263,-0.317607581615448,0.9999582767486572,0.4371722638607025,0.3403328061103821,0.022891219705343246,0.9263668060302734,0.27382203936576843,0.5213217735290527,-0.2450249046087265,0.993209719657898,0.4560854136943817,0.40620851516723633,-0.10225431621074677,0.9073333144187927,0.38674843311309814,0.48051926493644714,-0.07594211399555206,0.9799395799636841,0.2976115047931671,0.5568727850914001,0.07696522772312164,0.999470591545105,0.21349400281906128,0.5647017955780029,-0.07712117582559586,0.9996594190597534,0.3258969485759735,0.661575198173523,0.1448899507522583,0.9668407440185547,0.1802232712507248,0.6833019852638245,-0.09594056010246277,0.9915514588356018,0.3021094799041748,0.7714961767196655,0.32366228103637695,0.9786185622215271,0.15516510605812073,0.7957590818405151,-0.054158277809619904,0.989404022693634
0.3415201008319855,0.4169381558895111,-0.30345165729522705,0.999923586845398,0.3267950415611267,0.38712769746780396,-0.0413791686296463,0.999936580657959,0.19553707540035248,0.43804407119750977,-0.3237069249153137,0.9999571442604065,0.4297887980937958,0.34046873450279236,0.000499386282172054,0.9230164885520935,0.2728204131126404,0.5212613940238953,-0.28495049476623535,0.9935047030448914,0.44505763053894043,0.3991352915763855,-0.1404731273651123,0.9007245898246765,0.3830634653568268,0.4787459373474121,-0.12623775005340576,0.9810099005699158,0.29044464230537415,0.5568882822990417,0.08027376234531403,0.9995102286338806,0.20836696028709412,0.5648279786109924,-0.08037560433149338,0.9996813535690308,0.32101258635520935,0.6618240475654602,0.165371373295784,0.961438000202179,0.17741888761520386,0.681903600692749,-0.10305022448301315,0.9910594820976257,0.28131982684135437,0.771449625492096,0.3273453414440155,0.976090133190155,0.1555279940366745,0.7957313060760498,-0.06669005006551743,0.9886201024055481
0.3374609351158142,0.4167739748954773,-0.32756248116493225,0.9999250769615173,0.3208989202976227,0.38687360286712646,-0.08317124098539352,0.9999378323554993,0.1895764172077179,0.4377953112125397,-0.36789581179618835,0.9999523758888245,0.4230189323425293,0.34219062328338623,-0.006388879381120205,0.924550473690033,0.266491562128067,0.5215141177177429,-0.2983584702014923,0.9938207864761353,0.4444313645362854,0.41042959690093994,-0.09842216223478317,0.9027886986732483,0.38096511363983154,0.4784768223762512,-0.18441548943519592,0.9823915958404541,0.282487154006958,0.5573893189430237,0.08086719363927841,0.9995420575141907,0.19929435849189758,0.5648548603057861,-0.08096295595169067,0.9996877312660217,0.3145310878753662,0.6619398593902588,0.1592233031988144,0.9552964568138123,0.1759406328201294,0.6811944246292114,-0.05074261873960495,0.9898428320884705,0.2687382698059082,0.7716027498245239,0.3302119970321655,0.9723857045173645,0.15579389035701752,0.7952014803886414,0.03725014254450798,0.987082839012146
0.3315425515174866,0.4169529974460602,-0.34014883637428284,0.9999295473098755,0.3130231201648712,0.3878263235092163,-0.0884760245680809,0.9999406933784485,0.1856856346130371,0.43779876828193665,-0.3830817639827728,0.9999512434005737,0.4227543771266937,0.3427758812904358,-0.008453636430203915,0.9276378750801086,0.25960734486579895,0.521971583366394,-0.31161537766456604,0.9941905736923218,0.4439126253128052,0.41711917519569397,-0.11851853132247925,0.9072211980819702,0.3800196349620819,0.4777279794216156,-0.20343764126300812,0.983754575252533,0.27538469433784485,0.5577638745307922,0.08310253173112869,0.9995731115341187,0.1932455450296402,0.5655212998390198,-0.08317749202251434,0.9996989369392395,0.31034770607948303,0.6644311547279358,0.1753111332654953,0.9505820870399475,0.17129898071289062,0.6839349865913391,-0.045189425349235535,0.9891033172607422,0.26567143201828003,0.7720504403114319,0.3487544059753418,0.9695076942443848,0.15253350138664246,0.7951303124427795,0.04128967598080635,0.9860579967498779
0.3293859362602234,0.4172464907169342,-0.3371816575527191,0.9999332427978516,0.31072962284088135,0.3893601596355438,-0.0884663313627243,0.9999420642852783,0.18240311741828918,0.4377019703388214,-0.38993924856185913,0.9999510645866394,0.4104294180870056,0.3545764982700348,-0.02788480743765831,0.9268300533294678,0.2527196705341339,0.5221807956695557,-0.3198885917663574,0.9943590760231018,0.44217678904533386,0.419822633266449,-0.22315192222595215,0.9091294407844543,0.3739287257194519,0.47947460412979126,-0.19341778755187988,0.9847516417503357,0.2693338394165039,0.5578987002372742,0.08311782777309418,0.9996004700660706,0.18641571700572968,0.5656284093856812,-0.08320654928684235,0.9997148513793945,0.30864018201828003,0.6667701601982117,0.1789517104625702,0.9477959871292114,0.16873444616794586,0.6859487891197205,-0.06171917915344238,0.9887464642524719,0.2653997242450714,0.7722352743148804,0.3541256785392761,0.9678771495819092,0.1520209163427353,0.7950184941291809,0.014954318292438984,0.9856893420219421
0.3221001923084259,0.4178474247455597,-0.3095283508300781,0.9999321699142456,0.3044291138648987,0.3897802233695984,-0.06868717074394226,0.9999430179595947,0.17750702798366547,0.43763068318367004,-0.3669305145740509,0.9999459981918335,0.40474894642829895,0.3574918508529663,-0.023930607363581657,0.9290909767150879,0.24820223450660706,0.5224414467811584,-0.31938087940216064,0.994500458240509,0.44033145904541016,0.4210629463195801,-0.20938000082969666,0.9130430221557617,0.3669602870941162,0.48029717803001404,-0.200948566198349,0.9856817126274109,0.2635956108570099,0.5599997639656067,0.08314889669418335,0.999622642993927,0.1794285625219345,0.5670822262763977,-0.08322365581989288,0.9997220039367676,0.305021196603775,0.6667535305023193,0.13364887237548828,0.9440809488296509,0.16699932515621185,0.687559962272644,-0.07185284793376923,0.9875131249427795,0.26731112599372864,0.7720744013786316,0.27916035056114197,0.9649617075920105,0.15211224555969238,0.7949248552322388,0.01225829217582941,0.9841077923774719
0.31895995140075684,0.4192512333393097,-0.31061193346977234,0.9999329447746277,0.3018340468406677,0.39050546288490295,-0.08492790162563324,0.9999451041221619,0.17511233687400818,0.4382222592830658,-0.3776768445968628,0.9999405741691589,0.4057151973247528,0.3531494438648224,-0.039021022617816925,0.9314192533493042,0.24712450802326202,0.5231577754020691,-0.32440537214279175,0.9944780468940735,0.4383085370063782,0.42235109210014343,-0.20532424747943878,0.9157500267028809,0.36388710141181946,0.4807952046394348,-0.19431133568286896,0.9861905574798584,0.26276737451553345,0.5606393218040466,0.08261080831289291,0.999645471572876,0.1766028106212616,0.5683116316795349,-0.08263439685106277,0.9997312426567078,0.3043645918369293,0.6667258143424988,0.13207939267158508,0.9431825876235962,0.16559404134750366,0.6892765760421753,-0.07195942848920822,0.9869325757026672,0.2690644860267639,0.7719435095787048,0.2848878800868988,0.9639087915420532,0.15116465091705322,0.7955502271652222,0.005183730274438858,0.9834457039833069
0.31568825244903564,0.41958341002464294,-0.32331594824790955,0.9999300241470337,0.30611592531204224,0.39337030053138733,-0.09748367965221405,0.999944269657135,0.17384009063243866,0.4381416440010071,-0.3955715596675873,0.9999340176582336,0.4017205834388733,0.3543494939804077,-0.05979924276471138,0.9316376447677612,0.24414266645908356,0.5227769613265991,-0.3627694845199585,0.9944510459899902,0.4354565143585205,0.4230118989944458,-0.2535547614097595,0.9172900319099426,0.36079198122024536,0.4811760187149048,-0.23079030215740204,0.9866738319396973,0.2597200572490692,0.5624141097068787,0.08246804028749466,0.999660849571228,0.17321355640888214,0.5703952312469482,-0.08245088160037994,0.9997367262840271,0.30524927377700806,0.6671078205108643,0.11315244436264038,0.9412253499031067,0.16475434601306915,0.690799355506897,-0.07439760118722916,0.9861689805984497,0.27147090435028076,0.7719160914421082,0.26564884185791016,0.9620321989059448,0.15078242123126984,0.7954861521720886,-0.006788170430809259,0.9828359484672546
0.3147851228713989,0.420376181602478,-0.33884403109550476,0.9999303817749023,0.2954893708229065,0.3959450423717499,-0.10793465375900269,0.9999449849128723,0.1714630275964737,0.4382267892360687,-0.4156360626220703,0.9999285936355591,0.4075149595737457,0.41338804364204407,-0.06466877460479736,0.9327644109725952,0.2422400265932083,0.5226061344146729,-0.38575583696365356,0.9945397973060608,0.43191948533058167,0.4291054308414459,-0.2711702585220337,0.9212880730628967,0.35678213834762573,0.48164093494415283,-0.2598270773887634,0.9874124526977539,0.2583228647708893,0.563621461391449,0.08263684809207916,0.9996768832206726,0.1721697896718979,0.5715478658676147,-0.08259459584951401,0.9997363686561584,0.30634182691574097,0.6670419573783875,0.03369344025850296,0.9405935406684875,0.16386142373085022,0.6907551884651184,-0.07692595571279526,0.9856796860694885,0.2720543444156647,0.7718979716300964,0.19479943811893463,0.9608367085456848,0.1511727273464203,0.7950685620307922,0.007535567972809076,0.9827883243560791
0.3160705864429474,0.4220084547996521,-0.3479972779750824,0.9999313950538635,0.2935875356197357,0.3966870903968811,-0.10518135130405426,0.9999460577964783,0.17118604481220245,0.43841081857681274,-0.4233587384223938,0.9999228119850159,0.4042186737060547,0.3795357942581177,-0.06797691434621811,0.9346880316734314,0.2404116541147232,0.5226121544837952,-0.3960045576095581,0.9947072863578796,0.43311649560928345,0.430010050535202,-0.27377644181251526,0.9240285754203796,0.35602885484695435,0.48185837268829346,-0.26485583186149597,0.988130509853363,0.2557744085788727,0.5641251802444458,0.08474384248256683,0.9996975660324097,0.16922231018543243,0.5721273422241211,-0.08466237783432007,0.9997429847717285,0.30795517563819885,0.666968584060669,0.02268977090716362,0.9400718808174133,0.16463808715343475,0.6908307671546936,-0.07717680186033249,0.9850574135780334,0.27219676971435547,0.7720428109169006,0.20533211529254913,0.9592628479003906,0.15128828585147858,0.7952595949172974,0.011276022531092167,0.9824870228767395
0.3162546753883362,0.4227575957775116,-0.40553349256515503,0.9999359250068665,0.2949373424053192,0.3965543508529663,-0.14932548999786377,0.9999487996101379,0.1698642522096634,0.43896275758743286,-0.4606055021286011,0.9999244213104248,0.4067966639995575,0.4121646583080292,-0.11522259563207626,0.9362865090370178,0.2384299337863922,0.5229400992393494,-0.4196639060974121,0.9948127865791321,0.43392765522003174,0.4314880669116974,-0.35296761989593506,0.9275151491165161,0.3564891219139099,0.48198968172073364,-0.29540926218032837,0.988665759563446,0.25572001934051514,0.5647904872894287,0.0865481048822403,0.9997161626815796,0.16837739944458008,0.5728944540023804,-0.08646751940250397,0.9997548460960388,0.3082536458969116,0.6687434315681458,0.14852677285671234,0.9384427666664124,0.165203258395195,0.6912479400634766,-0.07534663379192352,0.9851182699203491,0.27051347494125366,0.7723202109336853,0.3699747323989868,0.9586214423179626,0.15155544877052307,0.7952392101287842,0.018853409215807915,0.9828162789344788
0.3166472911834717,0.4232272803783417,-0.40446335077285767,0.999937891960144,0.2942955493927002,0.39493924379348755,-0.15134035050868988,0.9999490976333618,0.17072631418704987,0.4389600157737732,-0.4744216501712799,0.9999240040779114,0.4022405445575714,0.37909018993377686,-0.10728290677070618,0.936199963092804,0.2387372851371765,0.523424506187439,-0.4325706958770752,0.9949598908424377,0.4339796304702759,0.43139463663101196,-0.319211483001709,0.9273860454559326,0.35674354434013367,0.4833751320838928,-0.31132280826568604,0.9891552329063416,0.2541365921497345,0.5646356344223022,0.09143368154764175,0.9997314214706421,0.1682618111371994,0.5726712942123413,-0.09137672185897827,0.9997587203979492,0.3094431757926941,0.6669264435768127,0.07765689492225647,0.9363847374916077,0.16638579964637756,0.6907380819320679,-0.08906695246696472,0.9849225878715515,0.270484060049057,0.7722641229629517,0.265686571598053,0.9571866393089294,0.1516098827123642,0.7952412366867065,-0.006453028414398432,0.9827743172645569
0.315999299287796,0.42320874333381653,-0.3916490972042084,0.9999369382858276,0.2915838062763214,0.3970226049423218,-0.13909325003623962,0.9999485611915588,0.17066697776317596,0.4391308128833771,-0.4537297189235687,0.9999195337295532,0.4051925241947174,0.4098096787929535,-0.09345146268606186,0.9368669390678406,0.23837921023368835,0.5238082408905029,-0.41669392585754395,0.9950612783432007,0.4336893856525421,0.4318023920059204,-0.2999268174171448,0.9303018450737,0.35557180643081665,0.48448923230171204,-0.31286606192588806,0.9896985292434692,0.2520364224910736,0.5646426677703857,0.09371168166399002,0.9997408986091614,0.16841773688793182,0.5726483464241028,-0.09367438405752182,0.9997532367706299,0.3106563985347748,0.6659780144691467,0.07035352289676666,0.9347982406616211,0.16534709930419922,0.6909180283546448,-0.08594375848770142,0.9846246838569641,0.2710890471935272,0.7722571492195129,0.23440738022327423,0.9558749794960022,0.1518401801586151,0.7957833409309387,-0.006434206385165453,0.9826347231864929
0.31685853004455566,0.4232182800769806,-0.36906763911247253,0.9999380707740784,0.29112163186073303,0.39623337984085083,-0.12579713761806488,0.9999487996101379,0.1715441793203354,0.4392874538898468,-0.45284926891326904,0.999916136264801,0.40286555886268616,0.37715429067611694,-0.0669441744685173,0.93748539686203,0.23668287694454193,0.5237483382225037,-0.39608341455459595,0.9951152205467224,0.43392589688301086,0.4309600591659546,-0.25134214758872986,0.9319009184837341,0.35398539900779724,0.4865071177482605,-0.27323809266090393,0.9900598526000977,0.2538374960422516,0.5639633536338806,0.09482035040855408,0.9997545480728149,0.16991034150123596,0.5722624659538269,-0.09480347484350204,0.9997549057006836,0.31166157126426697,0.6633344292640686,0.07530315965414047,0.9325284957885742,0.16568315029144287,0.6895989179611206,-0.06975630670785904,0.9842228293418884,0.2717134952545166,0.772218644618988,0.2147345393896103,0.9549196362495422,0.15197697281837463,0.7957637906074524,0.003988536540418863,0.982354462146759
0.3174603283405304,0.42326536774635315,-0.39841288328170776,0.9999419450759888,0.2937631607055664,0.3941086530685425,-0.14833466708660126,0.9999510645866394,0.17213812470436096,0.43940502405166626,-0.45528528094291687,0.9999184012413025,0.40461206436157227,0.3709500730037689,-0.092679962515831,0.9392189979553223,0.23719337582588196,0.5237767696380615,-0.40710583329200745,0.9952694177627563,0.4369584023952484,0.43113264441490173,-0.3033779263496399,0.9349190592765808,0.35451510548591614,0.48715007305145264,-0.3009384572505951,0.9905318021774292,0.2548624277114868,0.5638352632522583,0.09444961696863174,0.9997684359550476,0.17060203850269318,0.5721548199653625,-0.09443003684282303,0.9997611045837402,0.3136449158191681,0.6632031202316284,0.06994633376598358,0.9325873255729675,0.1660236120223999,0.6908172965049744,-0.07147947698831558,0.9843246936798096,0.2716159224510193,0.7723391652107239,0.2305660992860794,0.9548945426940918,0.1520693004131317,0.796251118183136,0.008710120804607868,0.9827210307121277
0.31834661960601807,0.4232928454875946,-0.39235925674438477,0.9999434351921082,0.2953173816204071,0.39411017298698425,-0.14296165108680725,0.9999514222145081,0.17261923849582672,0.4403887391090393,-0.4545726478099823,0.9999170303344727,0.4050534665584564,0.37046676874160767,-0.09590218216180801,0.9388911724090576,0.23750264942646027,0.5239059925079346,-0.4071933925151825,0.9952527284622192,0.4368553161621094,0.43167856335639954,-0.3060077726840973,0.9352357387542725,0.35474902391433716,0.48892804980278015,-0.2937657833099365,0.9907130002975464,0.2557474374771118,0.5637047290802002,0.09547737240791321,0.9997807145118713,0.17123456299304962,0.5720024704933167,-0.095464326441288,0.9997649192810059,0.32329410314559937,0.6611297726631165,0.07127367705106735,0.9338356852531433,0.16772067546844482,0.6905085444450378,-0.07185248285531998,0.9845907688140869,0.2729579210281372,0.7711285352706909,0.25176504254341125,0.9554749131202698,0.15217377245426178,0.7961598634719849,0.020144956186413765,0.9831900596618652
0.3187271058559418,0.4236893951892853,-0.38870784640312195,0.9999422430992126,0.2962994873523712,0.39545270800590515,-0.13345852494239807,0.9999500513076782,0.17340987920761108,0.440857470035553,-0.4592299163341522,0.9999088048934937,0.41380271315574646,0.40974166989326477,-0.09062225371599197,0.9378811717033386,0.2401726096868515,0.5239242911338806,-0.4100421369075775,0.9951784014701843,0.4364394247531891,0.43344417214393616,-0.29816684126853943,0.9340415596961975,0.35483643412590027,0.4888969659805298,-0.28809210658073425,0.9908500909805298,0.25583896040916443,0.5642471313476562,0.10037476569414139,0.999787449836731,0.17188037931919098,0.5730820298194885,-0.10037218779325485,0.9997504353523254,0.3338034152984619,0.6604527831077576,0.03101322054862976,0.9356757402420044,0.16909345984458923,0.6928412914276123,-0.07889139652252197,0.9844964146614075,0.27491751313209534,0.7696431279182434,0.2577367126941681,0.9549691677093506,0.15243075788021088,0.796394944190979,0.040920156985521317,0.9833619594573975
0.3253941237926483,0.42374080419540405,-0.41287001967430115,0.9999458193778992,0.3099547326564789,0.39650973677635193,-0.14373600482940674,0.9999526739120483,0.17628337442874908,0.44163110852241516,-0.46879011392593384,0.9999077320098877,0.4142282009124756,0.3824473023414612,-0.11546224355697632,0.9404783844947815,0.24189721047878265,0.5244750380516052,-0.41839370131492615,0.9952832460403442,0.4388560652732849,0.43605050444602966,-0.3384138345718384,0.9360437989234924,0.35763970017433167,0.4895579516887665,-0.2870945632457733,0.9909690022468567,0.2574722170829773,0.564079225063324,0.10004405677318573,0.9998009204864502,0.17283178865909576,0.5728223919868469,-0.1000426635146141,0.9997543096542358,0.342702180147171,0.6583235263824463,0.004133589565753937,0.939373791217804,0.17023181915283203,0.6928990483283997,-0.07395424693822861,0.9850302934646606,0.2829483449459076,0.7665773034095764,0.29269301891326904,0.9560953378677368,0.15265138447284698,0.7964106202125549,0.09632264077663422,0.9840046763420105
0.33266681432724,0.42457351088523865,-0.4100135862827301,0.9999497532844543,0.30956414341926575,0.3973971903324127,-0.13752099871635437,0.9999545216560364,0.18387344479560852,0.44195836782455444,-0.46506962180137634,0.9999083876609802,0.4271930158138275,0.4122384488582611,-0.08551407605409622,0.9415522217750549,0.2445552945137024,0.5262810587882996,-0.36929288506507874,0.99526047706604,0.44348210096359253,0.4389476478099823,-0.30521848797798157,0.9368687272071838,0.35811102390289307,0.4905448257923126,-0.18424846231937408,0.9910513758659363,0.25848668813705444,0.5640722513198853,0.09946198761463165,0.9998106360435486,0.17699120938777924,0.5729701519012451,-0.09945657849311829,0.9997559189796448,0.35110801458358765,0.6573172211647034,0.027955276891589165,0.9429129362106323,0.17254750430583954,0.6932694315910339,-0.055259134620428085,0.9855413436889648,0.29749763011932373,0.7638377547264099,0.2978377342224121,0.9576953053474426,0.15303762257099152,0.7964023351669312,0.11597463488578796,0.9847076535224915
0.33975741267204285,0.425051212310791,-0.40449777245521545,0.9999518990516663,0.30990102887153625,0.3977944254875183,-0.1341710090637207,0.9999546408653259,0.1895848661661148,0.4428187906742096,-0.46123579144477844,0.9999071359634399,0.43478694558143616,0.42082005739212036,-0.08194103837013245,0.9422045350074768,0.24869921803474426,0.5266293883323669,-0.36986762285232544,0.9952324628829956,0.4496932327747345,0.4417493939399719,-0.30146753787994385,0.9374402165412903,0.3647017180919647,0.4908190071582794,-0.21736061573028564,0.9911549091339111,0.2647627592086792,0.5654133558273315,0.09945888072252274,0.9998137950897217,0.1833866834640503,0.5743469595909119,-0.09944649040699005,0.9997486472129822,0.3596116006374359,0.6561710238456726,0.030275659635663033,0.9452763199806213,0.1749267429113388,0.6935042142868042,-0.05950252339243889,0.9859644174575806,0.3117299973964691,0.7622562646865845,0.29056209325790405,0.9584856033325195,0.15329572558403015,0.7968400716781616,0.08804544806480408,0.9851395487785339
0.34644076228141785,0.42564383149147034,-0.3416278660297394,0.9999533891677856,0.3121868669986725,0.3988949954509735,-0.08815648406744003,0.9999529719352722,0.19906902313232422,0.4430113434791565,-0.4305170178413391,0.9999101161956787,0.43435534834861755,0.4277978837490082,-0.05330290272831917,0.9380728602409363,0.2521968483924866,0.526583731174469,-0.35978206992149353,0.9951854944229126,0.4581986665725708,0.4414234161376953,-0.29481083154678345,0.9346804618835449,0.3697790503501892,0.49140632152557373,-0.20580032467842102,0.9913308620452881,0.27377018332481384,0.5662696361541748,0.10097275674343109,0.999817967414856,0.19103151559829712,0.5748621225357056,-0.10096871107816696,0.999750018119812,0.3674752712249756,0.6563077569007874,0.04420512914657593,0.9467034339904785,0.18100987374782562,0.6936541199684143,-0.08026539534330368,0.9863985776901245,0.3421810269355774,0.7624876499176025,0.22451487183570862,0.9595498442649841,0.15456968545913696,0.7969205379486084,0.0033055334351956844,0.9855989813804626
0.3558448255062103,0.42553892731666565,-0.33247390389442444,0.999955952167511,0.3205016255378723,0.40003451704978943,-0.07246748358011246,0.9999532699584961,0.20529966056346893,0.4442923963069916,-0.416915625333786,0.9999099373817444,0.4441054165363312,0.421317994594574,-0.0501626580953598,0.9378878474235535,0.2619970738887787,0.5276936292648315,-0.3524077832698822,0.9951804280281067,0.4707055687904358,0.4411168098449707,-0.28473374247550964,0.9346237778663635,0.3796849548816681,0.4918452203273773,-0.19633352756500244,0.991314709186554,0.2827283442020416,0.5682156682014465,0.1033126562833786,0.9998262524604797,0.1976066678762436,0.5755137205123901,-0.10333596915006638,0.9997543096542358,0.36993029713630676,0.6567423343658447,0.07685033977031708,0.9462597370147705,0.18661099672317505,0.6939699053764343,-0.09042326360940933,0.9866426587104797,0.36917057633399963,0.7653169631958008,0.2221447378396988,0.9599351286888123,0.15499518811702728,0.7968342304229736,-0.0074168965220451355,0.9857906103134155
